{
    "Contacts": [
        {
            "firstName": "Elisheva",
            "lastName": "Ungar",
            "phoneNumber": "058-6523910"
        },
        {
            "firstName": "Yogev",
            "lastName": "Malka",
            "phoneNumber": "054-6123910"
        },
        {
            "firstName": "Chanan",
            "lastName": "Cohen",
            "phoneNumber": "050-3487910"
        },
        {
            "firstName": "Nomie",
            "lastName": "Rot",
            "phoneNumber": "052-1233335"
        },
        {
            "firstName": "Shoval",
            "lastName": "Azulay",
            "phoneNumber": "053-6543889"
        }
    ]
}